Name,Gender
Ashutosh,1
Meghamala,2
Sahib,1
Pragya,2
Kranti,2
Tulika,2
Aarushi,2
Abhicandra,1
Pratigya,2
Devak,1
Kashiprasad,1
Madhavi,2
Charusila,2
Chithayu,1
Manmayi,2
Mahajabeen,2
Krishnakumar,1
Kailas,1
Nidhyathi,2
Nainika,2
Madirakshi,2
Adil,1
Devadyumna,1
Harijatha,2
Rupal,2
Eka,2
Ilampirai,2
Soham,1
Acalapati,1
Naveen,1
Jalendu,1
Shrivalli,2
Wajeeh,1
Kumar,1
Sudhan,1
Ilanthirayan,1
Agneya,1
Oma,2
Kali,2
Ajaatshatru,1
Rishabh,1
Hariraj,1
Abhay,1
Gudiya,2
Neelabja,2
Punit,1
Soumil,1
Sarbani,2
Sharvani,2
Tripuri,2
Punita,1
Shandar,1
Naisha,2
Danvir,1
Suday,1
Sonika,2
Mrudu,2
Ramavatar,1
Puji,2
Radhakrishna,1
Jaspal,1
Dhruv,1
Ketan,1
Prama,2
Mannan,1
Kunjabihari,1
Chitrarath,1
Ranjini,2
Tarika,2
Thirumal,1
Muralidhar,1
Muhilan,1
Adrika,2
Arghya,1
Tarak,1
Suhrit,1
Sunetra,2
Jehangir,1
Anshu,1
Chakrika,2
Harmya,2
Sarjana,2
Khushboo,2
Ambalika,2
Rashmika,2
Ayeh,2
Dasharath,1
Jagachandra,1
Irshaad,1
Ritu,2
Subramani,1
Charvi,2
Purushottam,1
Nithilam,2
Vedavrata,1
Jagadayu,1
Durga,2
Ekalavya,1
Dyumna,2
Sampriti,2
Chitrarekha,2
Pari,2
Rajashri,2
Kushik,1
Chumban,2
Ankush,1
Sunayani,2
Deshna,2
Tanuja,2
Nauka,2
Tarunika,2
Kalash,1
Krishi,2
Shrikirti,2
Kartikeya,1
Bulbul,2
Lingappan,1
Adhik,1
Saranya,2
Rambha,2
Anumati,2
Sanjiv,1
Umrao,2
Baidehi,2
Aadarsh,1
Ganjan,1
Devadarshan,1
Kalyani,2
Malaya,1
Ganesh,1
Farha,2
Adesh,1
Pritika,2
Alagan,1
Shridevi,2
Deepinder,1
Gunitha,2
Chanchari,2
Shabab,2
Adya,2
Prapti,2
Nagasri,2
Gandharaj,1
Kilimoli,2
Yatisa,1
Sujata,2
Prasana,2
Kovida,1
Chandani,2
Sabhya,1
Archita,2
Sarwar,1
Madhukar,1
Ramswaroop,1
Uday,1
"Farukh, Farokh",1
Angana,2
Kamitha,2
Brijabala,2
Lalita,2
Vanca,2
Gambheer,1
Anhithi,2
Mehul,2
Vijeta,2
Prashansa,2
Vanajaksi,2
Chandrakin,2
Kshiti,2
Sanemi,2
Swadhinta,2
Mrigankamouli,1
Sneha,2
Kimaya,2
Teertha,2
Amar,1
Kala,2
Priya,1
Abja,2
Niharika,2
Seemanti,2
Kalyan,1
Nikhat,1
Rajanikanta,1
Namacharya,1
Giridari,1
Jag,1
Bibek,1
Chatura,2
Trailokva,1
Naresh,1
Acchindra,1
Fajyaz,2
Labuki,2
Nalika,2
Ahijit,1
Parvani,2
Ramratan,1
Navrang,1
Krishnakanta,1
Kriya,2
Javed,1
Dehabhuj,1
Ekanjeet,1
Kanwaljeet,1
Mitravinda,2
Shaistakhan,1
Sarani,2
Iravan,1
Sudhir,1
Utanka,1
Nipuna,2
Dhitha,2
Madhu,1
Nina,2
Rabhya,2
Jalbhushan,1
Madangopal,1
Avinash,1
Nirupam,1
Vishwanath,1
Amitrasudan,1
Jnanaprakash,1
Sunasi,1
Avnita,2
Shubhranshu,1
Laksh,1
Lalitkishore,1
Chayana,2
Nirvani,2
Kshanika,2
Sanvali,2
Tanay,1
Nibodh,1
Kokila,2
Chitramaya,2
Elil,1
Suneet,1
Srijan,1
Chirag,1
Chitrita,2
Vineet,1
Harish,1
Githika,2
Aditi,2
Kanal,1
Ishat,1
Ecchumati,2
Panna,2
Brahmacharini,2
Iham,1
Mehmood,1
Seemantini,2
Shoorsen,1
Tirthankara,1
Bhupathi,1
Inbanathan,1
Elili,2
Haroon,1
Kalavathi,2
Abdul-Hameed,1
Charita,2
Kotijit,1
Susmita,2
Brinda,2
Daaruk,1
Nilay,1
Shree,2
Mudra,2
Gulab,2
Swaraj,1
Sumati,2
Edhitha,2
Ambuja,2
Shanti,2
Mehboob,1
Shashanka,1
Apparajito,1
Sharvari,2
Tridhara,2
Bhadra,2
Vendan,1
Yashoda,2
Hridik,1
Manav,1
Rugu,2
Padmesh,1
Vikranta,1
Nanak,1
Indivar,1
Rangana,2
Bahuputri,2
Kumari,2
Amulya,1
Bijli,2
Shirin,2
Kananbala,2
Tunga,2
Chevatkodiyon,1
Thamarai,2
Tapani,2
Neel,1
Mukti,2
Isha,2
Rampratap,1
Nitya,2
Jagamohana,1
Tukaram,1
Pururava,1
Jasapal,1
Archan,1
Priyal,2
Jaidhara,1
Taral,1
Veera,1
Chandraleksha,2
Savanth,1
Jaisinha,1
Ekatan,1
Narun,1
Udyam,1
Mareechi,1
Pramada,2
Angad,1
Sudhithi,2
Irumporai,1
Balgopal,1
Menitha,2
Aiman,1
Gyan; Gyani,1
Prathysha,2
Jusal,1
Nimisha,2
Shyam,1
Shubhang,1
Sanjith,1
Jyotirmoyee,2
Hiranyadha,2
Logambal,2
Tariq,1
Ziyad,1
Shubhendu,1
Shrenik,1
Samiya,2
Ramprasad,1
Aravan,1
Chahna,2
Daniel,1
Jalindra,1
Mandana,2
Dwij,1
Govardhan,1
Magadhi,2
Monisha,2
"Shamshu, Shamshad",1
Kripa,2
Sanjivani,2
Gauri,2
Mohnish,1
Parameshwari,2
Shubhra,2
Gatita,2
Akhilesh,1
Manju,2
"Atul, Atulya",1
Haraksa,1
Harshavardhan,1
Dayasagara,1
Kunran,1
Yaalchelvan,1
Raivath,1
Sabri,2
Saroj,2
Haripriya,2
Acaryanandana,1
Noopur,2
Charu,1
Samudrasen,1
Ramkumar,1
Bageshri,2
Sarit,2
"Sumeet, Sumit",1
Akhil,1
Dilber,2
Mekhala,2
Tapomay,1
Harekrishna,1
Avani,2
Atal,1
Sumedha,2
Shalin,2
Nehal,2
Sati,2
Sananda,2
Ikshu,2
Kush,1
Keyuri,2
Chaitanya,2
Kunshi,2
Parnik,2
Shrinath,1
Javesh,1
Kalpana,2
Zayd,1
Sawan,1
Ikshitha,2
Husnain,1
Qayyam,1
Aghat,1
Aaratrika,2
Amari,2
Namrata,2
Vyomaang,1
Shubhankar,1
Hemadri,1
Rupak,1
Chandramukhi,2
Sadhya,2
Meera,2
Maaran,1
Chandrani,2
Jairaj,1
Nagendra,1
Satyaki,1
"Gopi, Gopika",2
Acalesvara,1
Akshit,1
Aadarshini,2
Trinetra,2
Iravati,2
Agnikumara,1
Shreyas,1
Dhairyash,1
Jacob,1
Shakyasinha,1
Chanasya,2
Mananya,2
Deepali,2
Nyneishia,2
Amrusha,2
Pakhi,2
Jahan,1
Kaviraj,1
Achyut,1
Dishen,1
Fadi,1
Sakina,2
Palanikumar,1
Izna,2
Romila,2
Sachet,1
Yamini,2
Saleem,1
Omanand,1
Ramila,2
Aabharana,2
Kaustav,1
Bhayanashini,2
Varuna,2
Tuhinsurra,1
Harita,2
Sundaravel,1
Nimita,2
Keemaya,2
Meenakshi,2
Bhagavathi,2
Punthali,2
Treya,2
Vyomdev,1
Minnoli,2
Netravati,2
"Asit, Ashit",1
Ganitha,2
Priyamvada,2
Mohak,1
Sivanta,1
Rajeev,1
Banhi,2
Abhirathi,2
Hari,1
Sumanta,1
Paandu,1
Kalapini,2
Mitra,1
Saujanya,2
Palak,2
Rajalakshmi,2
Devnarayan,1
Urja,2
Ishanika,2
Paranjay,1
Ilamurugu,1
Denise,1
Manaka,2
Arivunambi,1
Parnal,2
Meghashyam,1
Udantika,2
Tamasa,2
Saanjh,2
"Lav, Luv",1
Vrinda,2
Abdul-Jabaar,1
Unnat,1
Bharat,1
Rijuta,2
Yogendra,1
Giridhar,1
Kajal,2
Adwaita,1
Induja,2
Sutanuka,2
Jaigath,1
Ekantha,2
Raviprabha,2
Indradutt,1
Mahati,2
Manisila,2
Dakshina,1
Madhup,1
Lajja,2
Kanak,1
Chellam,2
Shrigauri,2
Maahir,1
Dayanita,2
Suren,1
Tamra,1
Ajaat,1
Mangesh,1
Patala,2
Rwiju,1
Neela,2
Shyamala,2
Ira,2
Ushakanta,1
Rina,2
Habib,1
Sravanthi,2
Laabh,1
Pratibha,2
Sohail,1
Bahubali,1
Abhinatha,1
Manayi,2
Indrajeet,1
Hemani,2
Kamini,2
Abhidhya,2
Ahilya,2
Nedumaan,1
Suhrid,1
Jeemutbahan,1
Sushama,2
Bhumi,1
Geeta,2
Basabi,2
Deviprasad,1
Oojam,1
Bashir,1
Hassan,1
Harsh; Haarsha,1
Rajesh,1
Ranjiv,1
Shakti,1
Sulakshana,2
"Vighnesh, Vignesh",1
Udayasooriyan,1
Jeevitha,2
Ariktha,2
Mandarmalika,2
Jhoomer,1
Ihit,1
Manoritha,2
Vidula,2
Bhaskar,1
Bhanuja,2
Madhuparna,2
Nirmitha,2
Dayada,1
Eshita,2
Aastha,2
Heramba,1
Karabi,2
Pralay,1
Virabhadra,1
Kaushik,1
Suryakanti,2
Samita,2
Dandapaani,1
Shaurav,1
Jhilmil,2
Prabhati,2
Anirvan,1
Radha,2
Ravindra Svarup,1
Mrinal,2
Iraja,2
Vikas,1
Vardhana,1
Vallabhesvara,1
Sudeepta,2
Sandananda,1
Mukta,2
Chiman,1
Guru,1
Zarir,1
Geet,1
Suraj,1
Rasesh,1
Rustom,1
Tanya,2
Baldev,1
Tribhuvaneshwari,2
Stuti,2
Tarjani,2
Abdul-Ghafoor,1
Shankar,1
Elilarasu,1
Kaliranjan,1
Pratap,1
Rajanigandha,2
Doyel,2
Dharmendu,1
Guna,2
Dhvanya,1
Suchira,2
Aruni,1
Bratati,2
Daiwik,1
"Keshori, Ketaki",2
Purala,2
Deependu,1
Jwalia,1
Lydia,2
Makur,1
Gulfam,1
Kadambari,2
Sumitra,2
Murari,1
Shorashi,2
Kruti,2
Bandhananashini,2
Katyayani,2
Himaghna,1
Abhyudita,1
Supriti,2
Savitashri,2
Utsav,1
Tufan,1
Deeptikana,2
Chanda,2
Sadhan,1
Datta,1
Mihika,2
Sugita,2
Rushil,1
Snehal,2
Satish,1
Sendhil,1
Somnath,1
Bhanu,1
Mehrunissa,2
Hindola,2
Taarank,1
Devya,2
Subhang,1
Gaganasindhu,2
Amanda,1
Tripurasundari,2
Tridib,1
Lekh,1
Paramesh,1
Varana,2
Shankari,2
Jui,2
Vandana,2
Aaliya,2
Hastin,1
Ranga,1
Sagar,1
Chitrasen,1
Tapasi,2
Siya,2
Faiz,1
Ori,1
Hasrat,2
Greeshma,2
Latika,2
Tarani,2
Mahabala,1
Daha,1
Prajesh,1
Thulasi,2
Champakavathi,2
Ipsa,2
Abhilash,1
Kalpa,1
Chadna,2
Vatsal,1
Omarjeet,1
Sudhamay,1
Shakambari,2
Shirish,1
Udita,2
Ihina,2
Hiral,2
Dakshina,2
Nigam,1
Mandar,1
Sevita,2
Hemlata,2
Pari,1
Isar,1
Kundan,1
Manibhushan,1
Anadi,1
Laghuvi,2
Ahsan,1
Saloni,2
Shaila,2
Cheliyan,1
Khemprakash,1
Makshi,2
Riya,2
Sabrang,1
Madhushri,2
Akshay,1
Vishwambhar,1
Suhina,2
Ajanta,2
Asita,2
Danta,1
Shabnum,2
Mithi,2
Kanan,2
Manas,1
Shukti,2
Anuttam,1
"Ananga, Anang",1
Krandasi,2
Arumugan,1
Nipun,1
Abjit,1
Abdul-Azeez,1
Shekhar,1
Shaheena,2
Nimai,1
Ganika,2
Kumud,2
"Ganga, Gangotri",2
Namuchi,2
Sinsapa,2
Eelampirai,2
Ravi,1
Utsavi,2
Mahith,1
Prateep,1
Dayakar,1
Sahil,1
Shiv,1
Prateet,1
Harshini,2
Ekaling,1
"Shatrughna, Shatrughan",1
Jatan,1
Soman,1
Sinha,1
Phoolan,2
"Rajarshi, Rajrishi",1
Sanyog,1
Bharani,2
Ziya,1
Kahini,2
Jaigopal,1
Lohita,2
Desiha,2
Bahulika,2
Tamali,2
Janya,1
Kishmish,2
Saroja,2
Sutra,2
Elilarasan,1
Samarjit,1
Madhu,2
Zarna,2
Iraiyavan,1
Radheshyam,1
Raakhi,2
Neelesh,1
Kanhaiya,1
Mukut,1
Shrilata,2
Balakrishna,1
Neeladri,1
Shwetika,2
Naval,1
Ashraf,1
Nikhilesh,1
Dhanvi,2
Noshi,2
Leela,2
Jowaki,2
Udayan,1
Yuval,1
Viresh,1
Kanan,1
Pundarik,1
Azhar,1
Nedumaran,1
Latikara,2
Aninditha,2
Lavali,2
Sudhakar,1
Swarnika,2
Gunalakshmi,2
Rajit,1
Anupama,2
Bindu,2
Prabhakar,1
Aafreen,1
Avni,2
"Sajni, Sajani",2
Surina,2
Maniram,1
Kunti,2
Shrikrishna,1
Sachika,2
Amir,1
Ekaja,2
Omesh,1
Harendra,1
Sarvadaman,1
Suvarna,2
Maari,1
Banbihari,1
Vijay,1
Ranganath,1
Tvesa,2
Meher,2
Gyandev,1
Randhir,1
Sanwariya,1
Pranavi,2
Gurveer,1
Sikata,2
Dandak,1
Malaya,2
Lajwanti,2
Jaidayal,1
Elilvendan,1
Ajinkya,1
Kavini,2
Rishi,1
Satyendra,1
Tanmaya,2
Faarooq,1
Aparijita,2
Foolmala,2
Padmalochana,2
Smarajit,1
Ihitha,2
Vilokan,1
Abdul-Jaleel,1
Taanusiya,2
Vamana,1
Farida,2
Samskara,2
Shishupal,1
Haadiya,1
Sahitha,2
Yaalmani,1
Shirshirchandra,1
Ganendra,1
Sanabhi,1
Manika,2
Sankari,2
Sanjukta,2
Chintya,1
Kapardini,2
Pivari,2
Mohal,1
Varun,1
Jayanta,1
Pratiti,2
Satyasheel,1
"Falguni, Phalguni",1
Bakula,2
Gaura,2
Imaran,1
Dinapati,1
Laavanya,1
Kandan,1
Utsa,2
Eka,1
Upala,2
Tapati,2
Sayam,1
Mahasweta,2
Bilva,1
Mandira,2
Badrinath,1
Acira,2
Shreshta,1
Tarpan,1
Vaijnath,1
Barsha,2
Pravin,1
Ayush,1
Benazir,2
Salila,2
Devabrata,1
Vidyut,1
Somalakshmi,2
Prasheila,2
Vihanga,1
Dwaraka-daas,1
Zev,1
Tripti,2
Heer,1
Shyamal,2
Uttam,1
Talat,1
Rajas,1
Maitreyi,2
Ekagrah,1
Ibraheem,1
Ekana,1
Devansh,1
Aanadi,2
Pragun,1
Tarit,1
Upama,2
Nikunja,1
Aachman,1
Gunwanti,2
Sandhaya,2
Wajidali,1
Tamarai,2
Nachiketa,1
Chandranath,1
DuraiMurugan,1
Sahana,2
Pandhari,1
Anusri,2
Sarfaraz,1
Swapnasundari,2
Ameya,1
Ishita,2
Amrapali,2
Aleem,1
Kaartikeya,1
Surekha,2
Subodh,1
Iyyappan,1
Siraj,1
Bina,2
Vaikunth,1
Vijul,2
Rashi,2
Vennela,2
Nilavoli,2
Thirumalai,1
Baha Udeen,1
Chakradhar,1
Akalmash,1
Seemanta,1
Anjana,2
Sarojini,2
Divya,2
Kamalesh,1
Vimal,1
Palanimurugan,1
Deeptimoy,1
Haimavati,2
Mahaj,1
Kulavardhini,2
Samidha,2
Ratnamala,2
Kuber,1
Baanke Bihaari,1
Qasim,1
Praval,1
Ainesh,1
Anju,2
Bhagaditya,1
Piyali,2
Teerthankar,1
Devdutta,1
Rebanta,1
Neeharika,2
Bhoomika,2
Ghanashyam,1
Garati,2
Hiranya,2
Sinchana,2
Umed,1
Namdev,1
Nuti,2
Raksha,2
Naasih,1
Sanjula,2
Nityapriya,2
Gaurika,2
Dheeran,1
Evyavan,1
Rajhans,2
Dhevaneyan,1
Pannalal,1
Janith,1
Srinivas,1
Markandeya,2
Ratnakar,1
Khalid,1
Uma,2
Tarakeshwar,1
Himadri,1
Sundar,1
Sunaya,2
Manorama,2
Nazima,2
Nagarjun,1
Shrigeeta,2
Ayati,2
Apala,2
Kapila,2
Tamal,1
"Arun, Aroon",1
Unnati,2
Shantala,2
Ashritha,2
Deepamala,2
Yahvi,2
Poojan,1
Ketana,2
Prahlad,1
Dilip,1
Orion,1
Prayag,1
Adhira,2
Ikshu,1
Farzana,2
Gnanamangala,2
Sushrut,1
Ibhanan,1
Oorjit,1
Moksha,2
Ryna,1
Kamadha,2
Shaunak,1
Aranam,2
Zahir,1
Vyomakesh,1
Abhimoda,1
Sohan,1
Nand,1
Rathin,1
Sutej,1
Hemamdar,1
Latangi,2
Umrao,1
Vasuki,2
Thiruvoli,1
Viplab,1
Varindra,1
Chaaya,2
Oindrila,2
Mansukh,1
Harini,2
Lalana,2
Basudha,1
Zeena,2
Ankitha,2
Sarbajit,1
Farhad,1
Purnendu,1
Sugreev,1
Jignesh,1
Sarang,1
Shabalini,2
Vallari,2
Rana,1
Musheer,1
Bhairav,1
Pinga,2
Kasturi,2
Juhi,2
"Falguni, Phalguni",2
Timila,2
Gaganadipika,2
Neeraja,2
Rohit,1
Utkarsha,2
Shivanne,2
Zakir,1
Chandrodaya,1
Sarama,2
Pujita,2
Deepitha,2
Hemavati,2
Daksha,2
Himani,2
Mriganka,1
Ranjana,2
Madur,1
Zerelda,2
Ranjudeep,2
Champakali,2
Gnanamalar,2
Sanobar,1
Guruttam,1
Gaurav,1
Lalima,2
Anandalakshmi,2
Wafiya,2
Bandhula,2
Shaili,2
Yasmeen,2
Omswaroop,1
Kushala,2
Jivika,2
Tamas,1
Udichi,2
Mrinalini,2
Manjari,2
Ajitesh,1
Padmaroopa,2
Rajeshri,2
Rituraj,1
Radhani,2
Chakrapani,1
Suruchi,2
Harshit,1
Hasna,2
Khemchand,1
Ina,2
Eshanya,2
Payal,2
Samit,2
Mahijith,1
Patralika,1
Devakanya,2
Kanika,2
Yoosuf,1
Viraj,1
Jyotirmoy,1
Omkareshwari,2
Sapan,1
Manindra,1
Bandhura,2
Kishorekumar,1
Rupali,2
Aparna,2
Ranjika,2
Karunamay,1
Aalia,2
Riddhiman,1
Nityasree,2
Sulochana,2
Malini,2
Grhitha,2
Shrihari,1
Ulupi,2
Jyestha,1
Maheepati,1
Suvarnaprabha,2
Elavarasi,2
Kalki,1
Yamuna,2
Lekha,2
Kaandhal,2
Maniya,2
Tarunima,2
Parikshit,1
Hoor,2
Neelmadhav,1
Natesh,1
Kadambini,2
Alamgir,1
Raka,2
Shripal,1
Bhanudas,1
Sudhamayi,2
Pran,1
Mritsa,2
Kunal,1
Aadidev,1
Pachaimani,1
Milap,1
Arushi,2
Elumalai,1
Kajjali,2
Vedvalli,2
Brahmadutt,1
Nachni,2
Firdaus,1
Hamsini,2
Titir,1
Suniti,2
Goerge,1
Hetal,2
Utpalakshi,2
Pramila,2
Surajit,1
Lingammal,2
Devahuti,2
Vadiraj,1
Aditri,2
Kairavi,2
Charuprabha,2
Bhagwant,1
Lambodar,1
Pavani,2
Pavak,1
Marisa,2
Mrinali,2
Kailashchandra,1
Kanakabati,2
Sudeep,1
Kanwalkishore,1
Induprabha,2
Sahaj,1
Champamalini,2
Nishith,1
Gnanamani,2
Manadha,2
Mriganayani,2
Balamani,2
Rafat,1
Ekanath,1
Dwijain,1
Aran,1
Purnanada,1
Shattesh,1
Jitendra,1
Kunja,1
Rupashi,2
Kalpita,2
Antini,2
Raksha,1
Vasant,1
Fawiza,2
Kamalapathi,1
Sarthak,1
Aadi,1
Niyati,2
Manishankar,1
Abdul-Haafiz,1
Abhithi,2
Keyur,1
Manasi,1
Arivarasu,1
Smita,2
Prabha,2
Garry,1
Kanchan,1
Sunandini,2
Kushal,1
Ammar,1
Shabari,2
Havish,1
Anjasa,1
Virata,2
Suchandra,2
Sejal,2
Jayad,1
Jeevan,1
Mangala,2
Edhas,1
Kamod,1
Charuvardhana,1
Dheemant,1
Chittaranjan,1
Kartik,1
Punita,2
Prasiddhi,1
Karishma,2
Sumedh,1
Sitara,2
Samgram,1
Grihith,1
Jabbar,1
Darshan,1
Naseen,2
Ruksana,2
Viswajit,1
Devika,2
Shardul,1
Anbu,1
Oppilan,1
Agriya,1
Zamir,1
Heera,2
Bhajan,1
Kalpini,2
Aaheli,2
Narois,2
Naini,2
Lingamoorthy,1
Aayushi,2
Vyasa,1
Omprakash,1
Piyush,1
Rajkumari,2
Shankhamala,2
"Arati, Aaarti",2
"Ethaha, Etasha",2
Aathmika,2
Parameshwar,1
Gunalan,1
Sandeepan,1
Mohan,1
Vipra,1
Pankaja,2
Gandhik,1
Yaduraj,1
Bhargyaraj,1
Kesar,2
Phanindra,1
Dinanath,1
Ekram,1
Nandan,1
Faaris,1
Om,1
Keerthi,2
Jayendra,1
Amritkala,2
Trayi,2
Vaijayi,1
Bhavya,2
Kaustubh,1
Yaksha,2
Chetan,1
Eila,2
Devaraj,1
Danish,1
Yuthika,2
Karna,1
Juily,2
Naotau,1
Mythilli,2
Vardhaman,1
Pinaki,1
Shravani,2
Ruchir,1
Veni,1
Pradeepta,2
Ravishu,1
Chandrakanta,1
Padmagriha,2
Ekaparana,2
Aaloka,2
Chandrabhan,1
Shatrujit,1
Sampat,1
Mrigendra,1
Varuni,2
Ved,1
Shrivatsa,1
"Anup, Anoop",1
Manjubala,2
Panini,1
Chaman,1
Jharna,2
Mekhal,1
Komala,2
Taksheel,1
Hradha,2
Ritkriti,2
Kshirin,2
Jagadish,1
Suchita,2
Yayin,1
Sita,2
Sukriti,2
Yatindra,1
Ambika,2
Nitin,1
Reva,2
Sajala,2
Gandira,1
Kundini,2
Abhimani,1
Atiya,1
Sindhu,2
Pravallika,2
Amarta,2
Gautam,1
Umashankar,1
Gita,2
Dakshata,2
Tvarita,2
Sudeshna,2
Deeptanshu,1
Sabeena,2
Shyamalima,2
Suchitra,2
Jihan,1
Shriranga,1
Pratik,1
Motilal,1
Mahijuba,2
Dilawar,1
Maharath,1
Kedarnath,1
Madhavilata,2
Buddhadeva,1
Devadas,1
Nihar,1
Oditi,2
Parakram,1
Hansini,2
Sanika,2
Shikhar,1
Smaran,1
Devasree,2
Jaitra,1
Upasana,2
Mehdi,1
Pahal,2
Rakesh,1
Har,1
Shreyash,1
Tanmayi,2
Giva,2
Pavana,2
Vachan,1
Shefalika,2
Medhya,2
Jhinuk,2
Nirmit,1
Paramita,2
Satyavan,1
Juana,2
Najma,2
Mayur,1
Parinita,2
Anulekha,2
Atma,1
Suman,1
Ilavarasan,1
Punyabrata,1
Abhrakasin,1
Jashan,1
Rajani,2
Murugan,1
Pathin,1
Elampirai,2
Vatsala,2
Fravash,1
Azzam,1
Chanchal,1
Tusharkanti,1
Maalai,2
Dheeman,1
Shams,1
Kandavel,1
Arivalagan,1
Kaushika,2
Shivlal,1
Som,1
Dhyana,1
Shashirekha,2
Abhayananda,1
Faria,2
Trilok,1
Nipa,2
Shri,2
Krupa,2
Jagath,1
Lingam,1
Premendra,1
Vinayak,1
Kshanaprabha,2
Manavi,2
Adalarasu,1
Bajrang,1
Tejeshwar,1
Amrita,2
Malarvili,2
Dalapathi,1
Dalajit,1
Baruna,2
Shrigopal,1
Rituparan,1
Urmika,2
Kiya,2
Intekhab,1
Chitramala,2
Keya,2
Kshaunish,1
Kurangi,2
Tathagata,1
Razak,1
Shakib,1
Mayil,2
Lakshin,1
Avanija,2
Anuj,1
Palanivel,1
Trariti,2
Ashu,1
Manth,1
Shivangi,2
Jyotsana,2
Sitakanta,1
Rhea,2
Umapati,1
"Sharad, Sarat",1
Supriya,2
Kunsh,1
Rajendrakumar,1
Jyran,1
Tannishtha,2
Subhash,1
Eta,2
Uditi,2
"Apurva, Apoorva",1
Vaijayanti,2
Nikki,2
Mubarak,1
Rajahansa,2
Rochi,2
Abdul-Khaaliq,1
Kvanh,1
Anita,2
Krittika,2
Faisal,1
Dakshi,1
Manaar,1
Shyama,2
Vasudev,1
Mitul,1
"Umanant, Umakant",1
Padman,1
Kabir,1
Jishnu,1
Pyarelal,1
Madhur,2
Nikhil,1
Sudipti,2
Lakshmidhar,1
Devamayi,2
Pavani,1
Pusti,2
Tulasi,2
Waahid,1
Manik,1
Nishant,1
"Sukant, Sukanta",1
Haima,2
Gourangi,2
Chaitan,1
Kanchi,2
Surya,1
Swapan,1
Thevan,1
Sharan,1
Harinaksh,1
Gina,2
Giinni,2
Kevalkumar,1
Mohin,1
Neelotpal,1
Likhitha,2
Anshuman,1
Shabana,2
Nakti,2
Shridula,2
Atmaja,1
Dattatreya,1
Sual,1
Anjuman,1
Miraya,2
Shameena,2
Sonam,2
Ramani,2
Bishanpal,1
Devaj,1
Arivuchelvan,1
Chandana,2
Yajnarup,1
Abhyudaya,1
Vibhishan,1
Champa,2
Manditha,2
Tuhin,1
Gitanjali,2
Prabhav,1
Aamani,2
Mohamad,1
Tanuj,1
Manjeet,1
Swapna,2
Champika,2
Mita,2
Pradyumna,1
Saravanan,1
Aadhaya,2
Isai,2
Amita,2
Girilal,1
Zuleika,2
Madhumay,1
Pujit,1
Yugma,1
Ullalagi,2
Druthi,2
Ballari,2
Ayog,1
Saquib,1
Saras,1
Krishnakali,2
Laranya,2
Nadir,1
Aruni,2
Chitresh,1
Fadl,1
"Valmiki, Valmik",1
Meghana,2
Lakshmishree,2
Jaiwant,1
Dharmveer,1
Shanta,2
Saruchi,2
Triguna,2
Yadav,1
Sahila,2
Hamid,1
Aashita,2
Gunayukth,1
Shalini,2
Wamil,2
Sanam,1
Agniprava,1
Nrupadh,1
"Alaka, Alka",2
Chanchal,2
Uthami,2
Divyanga,1
Anamitra,1
Hemachandra,1
Faraz,1
Lona,2
Hemendu,1
Pushkar,1
Deepta,2
Wajeeha,2
Dakshakanya,2
Bhavika,2
Dakshesh,1
Vipasa,2
Pritikana,2
Vallabh,1
Yudhisthir,1
Kanishta,1
Anisa,1
Ambarish,1
Tvisha,2
Priyanka,2
Taha,1
Nidhi,2
Jyothi,2
Binata,2
Sangupt,1
Poojit,1
Himmat,1
Prajin,1
Fulki,2
Nirmal,1
Paramananda,1
Damayanti,2
Muthu,1
Daman,1
Abdullah,1
Adwiteya,2
Ilango,1
Toshan,1
Vibha,2
Adityanandana,1
Japesh,1
Avikshit,1
Karan,1
Bhooshit,1
Tusya,1
Shyla,2
Prasham,1
Haniya,2
Kuhuk,2
Ritsika,2
Vidyut,2
Hans,1
Abhijaya,1
Unmesh,1
Aashika,2
Premala,2
Orman,1
Amalesh,1
Sunitha,2
Chandak,1
Kanta,2
Iniya,2
Narendra,1
Bipin,1
Nambi,1
Talaketu,1
Arpana,2
Ryka,2
Aloke,1
Aslesha,2
Ilancheliyan,1
Nayantara,2
Ruchita,2
Turanyu,1
Trishanku,1
Jyotika,2
Gandha,2
Dakshayani,2
Vari,2
Parnad,1
Ramith,1
Manoj,1
Nalin,1
Natwar,1
Suneeti,2
Kutraalan,1
Bharadwaj,1
Kumuda,2
Yukta,1
Jatya,1
Arjit,1
Mahadev,1
Daarun,1
Anmol,1
Kuntal,2
Aja,1
Harith,1
Samyama,2
Bhanumati,2
Poonish,1
Udar,1
Anish,1
Seerat,2
Chandraprakash,1
Rizvan,1
Sasmita,2
Poorbi,2
Navalan,1
Mukesh,1
Abhishek,1
Satya,2
Kartar,1
Chandravathi,2
Qays,1
Kamalika,2
Pyas,2
Madhulla,2
Vir,1
Tamonash,1
Hiya,2
Kundanika,2
Advika,2
Nishikanta,1
Urjita,1
Anandi,2
Manajith,1
Amalendu,1
Tulsidas,1
Nirmala,2
Neelkamal,2
Pankhadi,2
Anarghya,1
Amal,1
Poorna,1
Layak,1
Satha,2
Vikesh,1
Kamana,2
Purvi,2
Vivek,1
Mandakini,2
Gagandeep,1
Sammathi,2
Sushruta,1
Uttiya,1
Bhagat,1
Deeptiman,1
Indrayani,2
Suhail,1
Dyumani,1
Maitra,2
Palak,1
Sulekh,2
Nirajit,1
Maitreya,2
Wasan,1
Dharani,2
Tusti,2
Devamadana,1
Ompati,1
Pavan,1
Bairavi,2
Manohari,2
Shrinivas,1
Vishwesh,1
Umanand,1
Gulal,2
Kanjari,2
Nandita,2
Huthayfa,1
Azeez,1
Lalasa,2
Nitara,2
Shiuli,2
Manini,2
Banhishikha,2
Lola,2
Soumyakanti,1
Niranjana,2
Subhagya,2
Tejaswini,2
Swapnali,2
Divyana,2
Karunamayi,2
Samata,2
Purnima,2
Pankajadharini,2
Nakshatra,1
"Urmila, Urmil",2
Sashreek,1
Tabassum,2
Nripesh,1
Suvan,1
Muwafaq,1
Shriyans,1
Gagan,1
Bahuratna,2
Mandan,1
Dhanapriya,2
Bharati,2
Senmal,1
Gudakesha,1
Magan,1
Sarvika,2
Kasni,2
Palaksi,2
Vyom,1
Sampatti,2
Prabodh,1
Wuar,1
Gowri,2
Tejashree,2
Arindam,1
Ramkrishna,1
Jayita,2
Saaras,1
Girindra,1
Satyarupa,2
Sangita,2
Suresh,1
Kirik,1
Sacchidananda,1
Sarasija,1
Jetashri,2
Hiranya,1
Alaknanda,2
Draupadi,2
Rasika,2
Jashun,1
Namana,2
Shreya,2
Haashim,1
Kuvalai,2
Ojeeta,2
Subrata,1
Kausar,1
Kamali,2
Baalaark,1
"Simrit, Smrita",2
Bandhini,2
Pramod,1
Amodini,2
Kanyana,2
Pushpak,1
Zulfikar,1
Amoha,1
Dharmanand,1
Ruhi,2
Rupika,2
Ekapad,1
Nauhar,1
Anathi,2
Haatim,1
Manasvi,2
Karunakar,1
Nikhita,2
Prabuddha,1
Zaina,2
Ehimay,1
Salaman,1
Santayani,2
Moti,1
Mallesh,1
Parasmani,1
Thangam,1
Padmashri,2
Sanchaya,2
Sadaf,2
Yuyutsu,1
Kuvira,2
Aradhana,2
Sahdev,1
Haani,1
Rupa,2
Devadhipa,1
Devan,1
Bibhas,1
Shalaka,2
Manjistha,2
Keerthana,2
Vibhat,1
Babitha,2
Bankim,1
Nalina,2
Revati,2
Trishala,2
Akshar,1
Vishala,2
Prashanta,1
Indrakanta,1
Tanav,1
Jagan,1
Sakhi,2
Ratnangi,2
Akshita,2
ThenMoli,2
Safia,2
Iyla,2
Sultan,1
Bhuvana,2
Eshani,2
Anshula,2
Malina,2
Swasti,2
Gourishankar,1
Jaipal,1
Khajit,1
Lochan,2
Amani,2
Sukumari,2
Barun,1
Nairit,1
Anuprabha,2
Dhanvant,1
Aditya,1
Gulika,2
Hanan,1
Tanvir,1
Haaroon,1
Triya,2
Santosh,1
Sambaran,1
Pratitha,2
Gayanthika,2
Vilina,2
Ashna,2
Deepashikha,2
Oorja,2
Anuragini,2
Markandeya,1
Chaman,2
Shefali,2
Dharmaditya,1
Smriti,2
Puru,1
Kusum,2
Chaitaly,2
Ilisha,2
Ottakoothan,1
Jeevika,2
Eesha,2
Gajanan,1
Dhiraj,1
Sanjivan,1
Fadheela,2
Hridaynath,1
Janav,1
Shashishekhar,1
Udyan,1
Sukthi,2
Dwipavati,2
Netra,2
Trilochana,2
Pranita,2
Rohitasva,1
Kamalkali,2
Nirbhay,1
Omeshwar,1
Madan,1
Shraddha,2
Dwijesh,1
Pyaremohan,1
Nabendu,1
Trambak,1
Kundan,2
Pujesh,1
Vidyasagar,1
Madhuksara,2
Suvarnarekha,2
Wali,1
Vishnumaya,2
Harshika,2
Harshaman,1
Keva,2
Pukhraj,1
Mangai,2
Padmanabha,1
Hasita,2
Kiran,2
Charumati,2
Nirad,1
Jakarious,1
Lajjawati,2
Antara,2
Dayashankar,1
Qudamah,1
Sudeepa,2
Rajendramohan,1
Niket,1
Kayalvili,2
Gokul,1
Suvimal,1
Savitri,2
Nithik,1
Raji,2
"Bhavana, Bhavna",2
Basavaraj,1
Sulalita,2
Minati,2
Kavi,1
Shashimohan,1
Madhumita,2
Prachur,1
Bahuleya,1
Chandalini,2
Dharmachandra,1
Induleksh,2
Harishchandra,1
Kamran,1
Umaprasad,1
Nayan,1
Ojas,1
Ragini,2
Irfan,1
Taruntapan,1
Dharmendra,1
Mehal,2
Vikram,1
Talikha,2
Komal,2
Kshirja,2
Rudra,1
Qutub,1
Kuldeep,1
Koormadhi,1
Shakuntala,2
Devalekha,2
Saurabh,1
Vedprakash,1
Ishit,1
Mutholi,2
Dharanidhar,1
Vela,2
Ekambar,1
Kavita,2
Rajyeshwar,1
Sevak,1
Kundanlal,1
Darshana,2
Sengannan,1
Alabhya,1
Raghuram,1
Suranjana,2
Vidyadhar,1
Chandrakishore,1
Sumantra,1
Arshia,2
Dhanya,2
Jagad,1
Dyuti,2
Farid,1
Bhadranidhi,1
Chaanakya,1
Ishika,2
Vibhore,1
Rolee,2
Ulhas,1
Asavari,2
Palashranjan,1
"Durva, Durba",2
Bhaumik,1
Menaka,2
Egaiarasu,1
Lokajit,1
Glen,1
SivaSankari,2
Mukul,1
Dyutit,1
Navneeta,2
Snehanshn,1
"Amitabha, Amitav",1
Thangavel,1
Gajendra,1
Krishnala,1
Vidyadhara,1
Prithu,1
Sragvibhushan,1
Madhuja,2
Samanvaya,1
Baruni,2
Aamrapali,2
Nanda,2
Gandharika,2
Chitral,1
Tilak,1
Hakesh,1
Manmohan,1
Saheli,2
Vinutha,2
Bhagyanandana,1
Roshan,1
Keshika,2
Sawini,2
Ranvitha,2
Aijaz,1
Vama,2
Indumati,2
Rusham,2
Mahavir,1
Hariram,1
Vishaya,2
Aabha,2
Anshumat,1
Jaisukh,1
Shekhar,2
Ramita,2
Hema,2
Anamika,2
Devadatta,1
Chittesh,1
Stavita,2
Sameena,2
Sachin,1
Jagannath,1
Annapurna,2
Indratha,2
Adit,1
Chiranjeev,1
Badri,1
Saral,1
Dheivamani,1
Hridayanand,1
"Vijendra, Vijanyendra",1
Girija,2
Krishanu,1
Adrisa,2
Deepit,1
Poshika,2
Ahladitha,2
Jigya,2
Chitragupta,1
Padmakali,2
Ketki,2
Ishwari,2
Shaktidhar,1
Janak,1
Praveena,2
Krishnadeva,1
Sarat,1
Yuvaraani,2
Lukesh,1
Jeevankala,2
Naima,2
Samarendu,1
Agendra,1
Jagesh,1
Dhikshit,1
Naadir,1
Suvarnmala,2
Kunjal,2
Taj,1
Deeptimoyee,2
Harkrishna,1
Grahish,1
Sadaiappan,1
Navita,2
Matangi,2
Sameen,1
"Aseem, Ashim",1
Ishya,2
Khyath,2
Vishnu,1
Anjalika,2
Yashodhara,1
Lata,2
Neha,2
Rasik,1
Gurmeet,1
Kalipada,1
Venu,1
Dhatri,2
Nabhanyu,1
Abhimanyusuta,1
Naamagal,2
Megha,2
Talleen,1
Pallavini,2
Omar,1
Vidhi,2
Rochan,1
Arshad,1
Samarth,1
Atmaja,2
Aesha,2
Mithun,1
Ekavali,2
Brijmohan,1
Deepa,2
Mannith,1
Deepti,2
Aapti,2
Kusumakar,1
Vengai,1
Lipika,2
Hashmat,1
Yash,1
Naishada,2
Oni,1
Meru,1
Ilamparidhi,1
Japendra,1
Lakshmibanta,1
Vinay,1
Jalad,1
Upamanyu,1
Bansari,2
Gira,2
Rani,2
Gandhi,1
Viral,1
Rabia,2
Swarupa,2
Udipti,2
Raveena,2
Devendra,1
Vilok,1
Ila,2
Chandratara,2
Mahanidhi,1
Nischith,1
Kalicharan,1
Tarachand,1
Chandanika,2
Khazana,1
Kathith,1
Ilaiyavan,1
Avkash,1
Katran,1
Nishita,1
Khadim,1
Nabha,2
Anay,1
Ratnavali,2
Adi-Shakti,2
Srujana,2
Pushpita,2
Raghu,1
Niral,2
Kirtana,2
Samrithi,2
Yashwant,1
Gadin,1
Surama,2
Mahmud,1
Nami,2
Saunak,1
Rahas,1
Pranit,1
Acaryatanaya,1
Aamaal,2
Nityananda,1
Baridbaran,1
Yuktha,2
Waheeda,2
Rutva,1
Bindumathi,2
Vritti,2
Chandrachur,1
Acarya,1
Angarika,2
Snehin,1
Bratindra,1
Ayushman,1
Imtiaz,1
Sanchita,2
Aahna,2
Yajna,2
Chinnadurai,1
Neelmani,1
Hemendra,1
Salma,2
Mrudani,2
Chandrabali,2
Raheem,1
Avanindra,1
Pashupriya,2
Chitrabhanu,1
Neelakshi,2
Gurdeep,1
Sadhana,2
Yogita,2
Meena,2
Bhargavi,2
Darpan,1
Bhagwanti,2
Manavendra,1
Adwita,2
Subhan,1
Zahra,2
Sucheta,2
Videsh,1
Gangesh,1
Deepika,2
Mehul,1
Devnath,1
Mukul,2
Aashay,1
Koyel,2
Anil,1
Kashyap,1
Harsha Vardhini,2
Tarik,1
Megha,1
Sachit,1
Bhadrang,1
Ashok,1
Tilaka,2
Somansh,1
Ritvik,1
Divyendu,1
Chaaruhaas,1
Huda,1
Cholan,1
Ninad,1
Brahamjeet,1
Chakor,1
Mrinmayi,2
Shachin,1
Banani,2
Naviya,2
Zaafira,2
Madhav,1
Dwijaraj,1
Vagdevi,2
Sabita,2
Ishi,2
Ilamporai,1
Ayushi,2
Sundari,2
Manjyot,2
Lakhi,2
Phenil,1
Prachi,2
Mohul,1
Poornakamala,2
Sukhamay,1
Arokya,1
Siddharth,1
Chiti,2
Hrithik,1
Sundha,2
Pinakini,2
Shevantilal,1
Fanishwar,1
Oma,1
Oparna,2
Ilakkiya,2
Kaunteya,1
Shankha,1
Gopa,2
Kavan,1
Vilas,1
Rajanya,1
Zakiy,1
Kaaliya,1
Garima,2
Tapasendra,1
Shambhavi,2
Milind,1
Sadiqua,2
Mandith,1
Devamati,2
Harjeet,1
Pavitra,1
Utkarsha,1
Ghalib,1
Inayat,2
Namita,2
Manonith,1
Abhiraj,1
Hariganga,2
Manjira,2
Mudrika,2
Parashar,1
Arav,1
Harshitha,2
Nalini,2
Odathi,2
Soumya,2
Sunayana,2
Jagadishwara,1
Rishika,2
Geena,2
Esha,2
Quamar,1
Apsara,2
Sarada,2
Chaitali,2
Rasul,1
Bahumanya,1
Haresh,1
Kiranmay,1
Sevati,2
Jehannaz,2
Achintya,1
Vrajakishore,1
Manjulika,2
Harikanth,1
Narayani,2
Parantapa,1
Purva,2
Brahmabrata,1
Shailendra,1
Suhrita,2
Shilpa,2
Manjushri,2
Ashis,2
Keshav,1
Renuka,2
Shama,2
Shariq,1
Padmakshi,2
Abdul-Haseeb,1
Ramanuja,1
Mandeep,1
Mohini,2
Indumukhi,2
Urmi,2
Faatina,2
Snehalata,2
Haritbaran,1
Sheetal,1
Kanishka,1
Wamika,2
Pransukh,1
Chaaruchandra,1
Priyasha,2
Vrajamohan,1
Pranauthi,2
Meghnad,1
Izhar,1
Nabhas,1
Mohajit,1
Sarasi,2
Ashwini,2
Umika,2
Dhanajit,1
Sudhanshu,1
Sourish,1
Sukumar,1
Vihaan,1
Radhana,2
"Simran, Smaram",2
Hansa,2
Utpala,2
Kiran,1
Naathim,1
Abhinava,1
Shagufta,2
Dhanraj,1
Jaafar,1
Vatsa,1
Yamajith,1
Manaal,1
Prabhada,2
Paavai,2
Lokranjan,1
Vaidyanaath,1
Chhabi,2
Nitima,2
Fahad,1
Adityavardhana,1
Manvik,1
Punyasloka,1
Chitrani,2
Meghdutt,1
Paramhansa,1
Bitasok,1
Snigdha,2
Puja,2
Bandhul,1
Neeti,2
Niraj,1
Chemmal,1
Punarnava,2
Naina,2
Bikram,1
Anugya,1
Dhritiman,1
Takshak,1
Balachandrav,1
Triparna,2
Tanaya,2
Nishi,2
Kanchana,2
Baijayanthi,2
Devajyoti,1
Narahari,1
Udiramalara,2
Jinendra,1
Rohana,2
Debanshi,2
Shubhashis,1
Suhitha,2
Hasumati,2
Champakmala,2
Tejomay,1
Sudhi,1
Manish,1
Maina,2
Madanapal,1
Vanhi,2
Achala,2
Vibhu,1
Cyril,1
Indrasuta,1
Pramiti,2
Manikuntala,2
Nabhomani,1
Nakshatra,2
Rajata,2
Mallikarjuna,1
Pritilata,2
Sagari,2
Navadurga,2
Wajid,1
Muthunagai,2
Pravar,1
Abhyagni,1
Rukma,2
Kapalini,2
Ishrat,1
Vipula,2
Vipul,1
Rajnish,1
Tehzeeb,2
Subhashini,2
Mustafa,1
Pallav,1
Swarnalata,2
Sujay,1
Vibhuti,2
Ekadhana,2
Someshwar,1
Devang,1
Hammad,1
Shivshankar,1
Pravir,1
Panduranga,1
Gulzarilal,1
Chandrakirthi,1
Bhavini,2
Triguni,2
Deeptendu,1
Martanda,1
Ranhitha,2
Anjum,1
Satyaprakash,1
Hurditya,1
Purvaja,2
Tula,1
Jayitri,2
Natkuna,2
Nagaraj,1
Madhumalati,2
Jayaprakash,1
Manali,2
Ulka,2
Tautik,1
Yajat,1
Pankti,2
Sannidhi,2
Devesh,1
Teesta,2
"Manisha, Mohisha",2
Adwaya,1
Hemangi,2
Damini,2
Abhinanda,1
Archit,1
Jagjeevan,1
Shrestha,2
Kaveri,2
Acanda,1
Chetana,2
Subash,1
Sur,1
Nabhoj,1
Vineeta,2
Purandar,1
Nilima,2
Lalan,2
Nripa,1
Vaanadhi,2
Yuvati,2
Madhuk,1
Neeta,2
Kuval,1
Trigun,1
Danuj,1
Panchali,2
Sudhith,1
Narayan,1
Naganika,2
Poonam,2
Shuddhashil,1
Pulin,1
Parvatinandan,1
Dev,1
Sharadini,2
Vishalakshi,2
Sandhya,2
Yadukumara,1
Maruti,1
Chirayu,1
Madhurima,2
Sharadindu,1
Shuchismita,2
Aishani,2
Adishree,2
Gangika,2
Malarvendan,1
Swatantar,1
Diti,2
Zaafir,1
Dayita,2
Kalandhika,2
Ratnalekha,2
Thayanban,1
Vibhas,1
Siddhima,2
Naman,1
Rupeshwari,2
Yaalini,2
Haleema,2
Phiroza,2
Gurpraveen,2
Fakhry,1
Chandrakiran,1
Vishram,1
Laalamani,2
Ramkishore,1
Paresh,1
Shrikanta,1
Mrigankasekhar,1
Yaduvir,1
Harshad,1
Gayatri,2
Megh,1
Amlankusum,1
Iri,1
Vanshika,2
Japan,1
Zannat,2
Yaalisai,2
Gayana,2
Marut,1
Kantilal,1
Faiyaz,1
Omkarnath,1
Vanalakshmi,2
Milika,2
Ranajay,1
Yogesh,1
Hasmukh,1
Mujeeb,1
Jyotsna,2
Srujanika,2
Ishani,2
Ellu,1
Madira,2
Pooja,2
Shantashil,1
Saipraasad,1
Radhika,2
Srivas,1
Nathan,1
Srinika,2
Shahid,1
Avatar,1
Harihar,1
Abhidha,2
Manjunath,1
Nivritti,2
Ekachith,1
Idaspati,1
Vrishin,1
Gangol,1
Rajendra,1
Maagh,1
Anula,2
Bhojaraja,1
Drupad,1
"Aftab,Aftaab",1
Raman,1
"Amrit, Amrik",1
Hritish,1
Kusumesh,1
Menmoli,2
Sphatika,2
Rijul,1
Shalmali,2
Nathin,1
Pugal,1
Saakaar,1
Utalika,2
Swati,2
Muni,1
Drishya,2
Sitikantha,1
Parveen,2
Vedavathi,2
Raghunandan,1
Shravankumar,1
Marichi,2
Vikramajit,1
Satyavrata,1
Iha,2
Rohan,1
Krishnaroop,1
Ajamil,1
Vanhishikha,2
Amanath,1
Omaja,2
Prasun,1
Gul,2
Samarendra,1
Ghanendra,1
Abhijna,2
Venkataraman,1
Xena,2
Yuvaraj,1
Bipasha,2
Timir,1
Gurumurthi,1
Suhag,2
Kshitija,2
Krishna,2
Nagesh,1
Vedmohan,1
Tanuka,2
Thumri,2
Tripta,2
Lingan,1
Prbhavati,2
Lajita,2
Rubaina,2
Aashish,1
Pavitra,2
Sudarshana,2
Shyamangi,2
Deepana,2
Kaishori,2
Aashirya,2
Gulzar,1
Prakriti,1
Sujan,1
Pavanaj,1
Parni,2
Saguna,2
Hanuman,1
Jamadagni,1
Mithilesh,1
Abhilasa,2
Akash,1
Udayachal,1
Kalakarni,2
Surendra,1
Palani,1
Ibhya,1
Sanchay,1
Acaryasuta,1
Rathika,2
Mirium,2
Kamakya,2
Prabhu,1
Lavangi,2
Thogai,2
Dhyanesh,1
Madhula,2
Mahipal,1
Mamraj,1
Chahat,2
Kodhai,2
Gyanada,2
Nabhi,1
Govindi,2
Amogh,1
Chandrika,2
Vijayalaksmi,2
Shashidhar,1
"Ashwin, Asvin",1
Zeeshan,1
Mahaniya,1
Yuvika,2
Deveshwar,1
Subinay,1
Niramay,1
Samhita,2
Devachandra,1
Mohit,1
Sudesh,1
Dhansukh,1
Onella,2
Rajdulari,1
Urshita,2
Vishal,1
Ekavir,1
Hasanthi,2
Thangarajan,1
Suketu,1
Jerusha,2
Usra,2
Lagan,1
Abhimand,1
Anavi,2
Milan,1
Saanvi,2
Kamaraja,1
Pitambar,1
Mahalakshmi,2
Vallabhendra,1
Nirav,1
"Omrao, Umrao",1
Jagadbandu,1
Urna,2
Mandhatri,1
Amitbikram,1
Nidhipa,2
Raja,1
Rukmini,2
Fullara,2
Akshath,1
Shadab,1
Gurpreet,1
Swarnima,2
Indu,2
Rituparna,2
Siddhartha,1
Chakradev,1
Induhasan,1
Gopichand,1
Ujagar,1
Nishok,1
Aakash,1
Kevalkishore,1
Amod,1
Hasina,2
Viveka,2
Bhagyalakshmi,2
Kareem,1
Dwaipayan,1
Gagana,2
Loknath,1
Paras,1
Abhidi,1
Vasanti,2
Kantimoy,1
Vedi,2
Shobha,2
Charusheela,2
Suprabha,2
Dishita,2
Laasya,2
Uttal,1
Charulata,2
Paadini,2
Suloch,2
Arulchelvan,1
Hansika,2
Sushil,1
Dhanesh,1
Mayanka,1
Manasyu,1
Archa,2
Trivid,1
Nisita,2
Abhivira,1
Akroor,1
Ekakshara,1
Valli,2
Omala,2
Husna,2
Jaibhusana,1
Yashpal,1
Sandeep,1
Deeba,2
Kamika,2
Maitreya,1
Champabati,2
Shariba,2
Kerani,2
Kakoli,2
Lakshita,2
Cole,1
Olikodi,2
Radhak,1
Dulari,2
Subal,1
Uddhar,1
Vaagai,2
Upendra,1
Dilshad,2
Raghuvir,1
Ardhendu,1
Binal,2
Gaganjyot,1
Mallika,2
Trinayani,2
Sharmila,2
Padmapati,1
Ganaka,1
Bhairavi,2
Samiran,1
Sikta,2
Chirtrang,1
Dhananjay,1
Rupashri,2
Ishayu,1
Sushila,2
Chamanlal,1
Mahir,1
Bakul,2
Somdev,1
Uddhav,1
Indukala,2
Indratan,1
Swagata,2
Qaisar,1
Indrani,2
Dharmpal,1
Fareed,1
Bhakti,2
Tanushri,2
Nagina,2
Ish,1
Senthamarai,1
Samantha,1
Omisha,2
VeeraSundari,2
Sanjana,2
Guruprasad,1
Rajivini,2
Rajasi,2
Eshwar,1
Gathika,2
Yadva,2
Suryabhan,1
Gajrup,1
Peeyush,1
Inika,2
"Bela, Beli",2
Praver,1
Chaitra,2
Nishtha,2
Devarya,1
Prasad,1
Chidananda,1
Salena,2
Sujash,1
Manjusha,2
Chandrabhaga,2
Mainak,1
Salarjung,1
Arivoli,1
Geeti,2
Shobhana,2
Hiranmayi,2
djbdjb,1
dnbndd,2
